<?xml version="1.0" encoding="UTF-8"?><idempiere Name="AD_Process" Version="1.0.0" idempiereVersion="8.2.0.qualifier" DataBaseVersion="2020-12-20" Description="" Author="SuperUser" AuthorEmail="superuser @ idempiere.com" CreatedDate="Wed Jun 16 16:45:47 CEST 2021" UpdatedDate="Wed Jun 16 16:45:47 CEST 2021" PackOutVersion="100" UpdateDictionary="true" Client="0-SYSTEM-System" AD_Client_UU="11237b53-9592-4af1-b3c5-afd216514b5d">
    <AD_Process type="table">
        <AD_Client_ID>0</AD_Client_ID>
        <AD_Org_ID>0</AD_Org_ID>
        <AD_Org_ID reference="id">0</AD_Org_ID>
        <IsActive>Y</IsActive>
        <Name>Stock Synchronization (WooCommerce)</Name>
        <Description>In this process the stock present in iDempiere and in woocommerce is synchronized. The warehouse set as default is synchronized.</Description>
        <Help>UFFICIAL_class: it.cnet.idempiere.LIT_ECommerce.process.Woo_SyncStock</Help>
        <ProcedureName/>
        <IsReport>N</IsReport>
        <Value>WooSyncStock</Value>
        <IsDirectPrint>N</IsDirectPrint>
        <AD_ReportView_ID reference="id"/>
        <Classname>it.idIta.woocommerce.process.WooSyncStock</Classname>
        <AccessLevel>3</AccessLevel>
        <EntityType>cnet</EntityType>
        <Statistic_Count>2</Statistic_Count>
        <Statistic_Seconds>308</Statistic_Seconds>
        <AD_PrintFormat_ID reference="id"/>
        <WorkflowValue/>
        <AD_Workflow_ID reference="id"/>
        <IsBetaFunctionality>N</IsBetaFunctionality>
        <ShowHelp>Y</ShowHelp>
        <JasperReport/>
        <AD_Form_ID reference="id"/>
        <CopyFromProcess>N</CopyFromProcess>
        <AD_Process_UU>37e4b11e-576a-48ea-9d52-ec88d3b70700</AD_Process_UU>
        <AD_CtxHelp_ID reference="id"/>
        <ExecutionType/>
        <AllowMultipleExecution>P</AllowMultipleExecution>
        <AD_Image_ID reference="id"/>
        <LIT_isBatchPrint>N</LIT_isBatchPrint>
        <ParameterValue/>
        <IsMultiRowOnly>N</IsMultiRowOnly>
        <AD_Process_Trl type="translation">
            <Description>In this process the stock present in iDempiere and in woocommerce is synchronized. The warehouse set as default is synchronized.</Description>
            <Help/>
            <Name>Stock Synchronization (WooCommerce)</Name>
            <AD_Language>hr_HR</AD_Language>
            <IsActive>Y</IsActive>
            <IsTranslated>N</IsTranslated>
        </AD_Process_Trl>
        <AD_Process_Trl type="translation">
            <Description>In this process the stock present in iDempiere and in woocommerce is synchronized. The warehouse set as default is synchronized.</Description>
            <Help/>
            <Name>Stock Synchronization (WooCommerce)</Name>
            <AD_Language>sl_SI</AD_Language>
            <IsActive>Y</IsActive>
            <IsTranslated>N</IsTranslated>
        </AD_Process_Trl>
        <AD_Process_Trl type="translation">
            <Description>In this process the stock present in iDempiere and in woocommerce is synchronized. The warehouse set as default is synchronized.</Description>
            <Help/>
            <Name>Stock Synchronization (WooCommerce)</Name>
            <AD_Language>en_GB</AD_Language>
            <IsActive>Y</IsActive>
            <IsTranslated>N</IsTranslated>
        </AD_Process_Trl>
        <AD_Process_Trl type="translation">
            <Description>In questo processo viene sincronizzata la giacenza presente su idempiere in woocommerce. Viene sincronizzato il magazzino impostato come default.</Description>
            <Help/>
            <Name>Sincronizzazione Giacenza (WooCommerce)</Name>
            <AD_Language>it_IT</AD_Language>
            <IsActive>Y</IsActive>
            <IsTranslated>N</IsTranslated>
        </AD_Process_Trl>
    </AD_Process>
    <AD_Process type="table">
        <AD_Client_ID>0</AD_Client_ID>
        <AD_Org_ID>0</AD_Org_ID>
        <AD_Org_ID reference="id">0</AD_Org_ID>
        <IsActive>Y</IsActive>
        <Name>Sale Order Synchronization (WooCommerce)</Name>
        <Description>In this process, woocommerce orders are imported into iDempiere sale order</Description>
        <Help>UFFICIAL_class: it.cnet.idempiere.LIT_ECommerce.process.WooOrders</Help>
        <ProcedureName/>
        <IsReport>N</IsReport>
        <Value>WooOrder</Value>
        <IsDirectPrint>N</IsDirectPrint>
        <AD_ReportView_ID reference="id"/>
        <Classname>it.idIta.woocommerce.process.WooOrders</Classname>
        <AccessLevel>3</AccessLevel>
        <EntityType>cnet</EntityType>
        <Statistic_Count>25</Statistic_Count>
        <Statistic_Seconds>4043</Statistic_Seconds>
        <AD_PrintFormat_ID reference="id"/>
        <WorkflowValue/>
        <AD_Workflow_ID reference="id"/>
        <IsBetaFunctionality>N</IsBetaFunctionality>
        <ShowHelp>Y</ShowHelp>
        <JasperReport/>
        <AD_Form_ID reference="id"/>
        <CopyFromProcess>N</CopyFromProcess>
        <AD_Process_UU>ac946bb3-fb1c-4da0-934e-ac9cda07b477</AD_Process_UU>
        <AD_CtxHelp_ID reference="id"/>
        <ExecutionType/>
        <AllowMultipleExecution>P</AllowMultipleExecution>
        <AD_Image_ID reference="id"/>
        <LIT_isBatchPrint>N</LIT_isBatchPrint>
        <ParameterValue/>
        <IsMultiRowOnly>N</IsMultiRowOnly>
        <AD_Process_Trl type="translation">
            <Description>In this process, woocommerce orders are imported into iDempiere sale order</Description>
            <Help/>
            <Name>Sale Order Synchronization (WooCommerce)</Name>
            <AD_Language>hr_HR</AD_Language>
            <IsActive>Y</IsActive>
            <IsTranslated>N</IsTranslated>
        </AD_Process_Trl>
        <AD_Process_Trl type="translation">
            <Description>In this process, woocommerce orders are imported into iDempiere sale order</Description>
            <Help/>
            <Name>Sale Order Synchronization (WooCommerce)</Name>
            <AD_Language>sl_SI</AD_Language>
            <IsActive>Y</IsActive>
            <IsTranslated>N</IsTranslated>
        </AD_Process_Trl>
        <AD_Process_Trl type="translation">
            <Description>In this process, woocommerce orders are imported into iDempiere sale order</Description>
            <Help/>
            <Name>Sale Order Synchronization (WooCommerce)</Name>
            <AD_Language>en_GB</AD_Language>
            <IsActive>Y</IsActive>
            <IsTranslated>N</IsTranslated>
        </AD_Process_Trl>
        <AD_Process_Trl type="translation">
            <Description>In questo processo vengono importati gli ordini di woocommerce all'interno di idempiere come ordine /offerta di vendita.</Description>
            <Help/>
            <Name>Sincronizzazione Ordine di Vendita (Woocommerce)</Name>
            <AD_Language>it_IT</AD_Language>
            <IsActive>Y</IsActive>
            <IsTranslated>N</IsTranslated>
        </AD_Process_Trl>
    </AD_Process>
    <AD_Process type="table">
        <AD_Client_ID>0</AD_Client_ID>
        <AD_Org_ID>0</AD_Org_ID>
        <AD_Org_ID reference="id">0</AD_Org_ID>
        <IsActive>Y</IsActive>
        <Name>PriceList_SO Synchronization (WooCommerce)</Name>
        <Description>This process synchronizes the sales price list in woocommerce. Set the price list in the system variables (System Configurator). Variable name "LIT_Woocommerce_PriceList_ID"</Description>
        <Help>UFFICIAL class: it.cnet.idempiere.LIT_ECommerce.process.Woo_SyncPrice</Help>
        <ProcedureName/>
        <IsReport>N</IsReport>
        <Value>WooSyncPrice</Value>
        <IsDirectPrint>N</IsDirectPrint>
        <AD_ReportView_ID reference="id"/>
        <Classname>it.idIta.woocommerce.process.WooSyncPrice</Classname>
        <AccessLevel>3</AccessLevel>
        <EntityType>cnet</EntityType>
        <Statistic_Count>3</Statistic_Count>
        <Statistic_Seconds>35</Statistic_Seconds>
        <AD_PrintFormat_ID reference="id"/>
        <WorkflowValue/>
        <AD_Workflow_ID reference="id"/>
        <IsBetaFunctionality>N</IsBetaFunctionality>
        <ShowHelp>Y</ShowHelp>
        <JasperReport/>
        <AD_Form_ID reference="id"/>
        <CopyFromProcess>N</CopyFromProcess>
        <AD_Process_UU>7284b55c-5fdc-4cf8-b3fc-e53458868e5e</AD_Process_UU>
        <AD_CtxHelp_ID reference="id"/>
        <ExecutionType/>
        <AllowMultipleExecution>P</AllowMultipleExecution>
        <AD_Image_ID reference="id"/>
        <LIT_isBatchPrint>N</LIT_isBatchPrint>
        <ParameterValue/>
        <IsMultiRowOnly>N</IsMultiRowOnly>
        <AD_Process_Trl type="translation">
            <Description>This process synchronizes the sales price list in woocommerce. Set the price list in the system variables (System Configurator). Variable name "LIT_Woocommerce_PriceList_ID"</Description>
            <Help/>
            <Name>PriceList_SO Synchronization (WooCommerce)</Name>
            <AD_Language>hr_HR</AD_Language>
            <IsActive>Y</IsActive>
            <IsTranslated>N</IsTranslated>
        </AD_Process_Trl>
        <AD_Process_Trl type="translation">
            <Description>This process synchronizes the sales price list in woocommerce. Set the price list in the system variables (System Configurator). Variable name "LIT_Woocommerce_PriceList_ID"</Description>
            <Help/>
            <Name>PriceList_SO Synchronization (WooCommerce)</Name>
            <AD_Language>sl_SI</AD_Language>
            <IsActive>Y</IsActive>
            <IsTranslated>N</IsTranslated>
        </AD_Process_Trl>
        <AD_Process_Trl type="translation">
            <Description>This process synchronizes the sales price list in woocommerce. Set the price list in the system variables (System Configurator). Variable name "LIT_Woocommerce_PriceList_ID"</Description>
            <Help/>
            <Name>PriceList_SO Synchronization (WooCommerce)</Name>
            <AD_Language>en_GB</AD_Language>
            <IsActive>Y</IsActive>
            <IsTranslated>N</IsTranslated>
        </AD_Process_Trl>
        <AD_Process_Trl type="translation">
            <Description>In questo processo viene sincronizzato il listino di vendita in woocommerce. Impostare il listino nelle variabili di sistema (Configuratore di Sistema) Nome della variabile LIT_Woocommerce_PriceList_ID</Description>
            <Help/>
            <Name>Sincronizzazione Listino di Vendita (WooCommerce)</Name>
            <AD_Language>it_IT</AD_Language>
            <IsActive>Y</IsActive>
            <IsTranslated>N</IsTranslated>
        </AD_Process_Trl>
    </AD_Process>
    <AD_Process type="table">
        <AD_Client_ID>0</AD_Client_ID>
        <AD_Org_ID>0</AD_Org_ID>
        <AD_Org_ID reference="id">0</AD_Org_ID>
        <IsActive>Y</IsActive>
        <Name>WooCommerce</Name>
        <Description/>
        <Help/>
        <ProcedureName/>
        <IsReport>N</IsReport>
        <Value>WooCommerce</Value>
        <IsDirectPrint>N</IsDirectPrint>
        <AD_ReportView_ID reference="id"/>
        <Classname>za.co.ntier.processes.WooCommerce</Classname>
        <AccessLevel>7</AccessLevel>
        <EntityType>U</EntityType>
        <Statistic_Count>138</Statistic_Count>
        <Statistic_Seconds>244</Statistic_Seconds>
        <AD_PrintFormat_ID reference="id"/>
        <WorkflowValue/>
        <AD_Workflow_ID reference="id"/>
        <IsBetaFunctionality>N</IsBetaFunctionality>
        <ShowHelp>Y</ShowHelp>
        <JasperReport/>
        <AD_Form_ID reference="id"/>
        <CopyFromProcess>N</CopyFromProcess>
        <AD_Process_UU>ad9746f7-2c13-4d13-b5e6-798217c2a1c3</AD_Process_UU>
        <AD_CtxHelp_ID reference="id"/>
        <ExecutionType/>
        <AllowMultipleExecution>P</AllowMultipleExecution>
        <AD_Image_ID reference="id"/>
        <LIT_isBatchPrint>N</LIT_isBatchPrint>
        <ParameterValue/>
        <IsMultiRowOnly>N</IsMultiRowOnly>
        <AD_Process_Trl type="translation">
            <Description/>
            <Help/>
            <Name>WooCommerce</Name>
            <AD_Language>hr_HR</AD_Language>
            <IsActive>Y</IsActive>
            <IsTranslated>N</IsTranslated>
        </AD_Process_Trl>
        <AD_Process_Trl type="translation">
            <Description/>
            <Help/>
            <Name>WooCommerce</Name>
            <AD_Language>it_IT</AD_Language>
            <IsActive>Y</IsActive>
            <IsTranslated>N</IsTranslated>
        </AD_Process_Trl>
        <AD_Process_Trl type="translation">
            <Description/>
            <Help/>
            <Name>WooCommerce</Name>
            <AD_Language>en_GB</AD_Language>
            <IsActive>Y</IsActive>
            <IsTranslated>N</IsTranslated>
        </AD_Process_Trl>
        <AD_Process_Trl type="translation">
            <Description/>
            <Help/>
            <Name>WooCommerce</Name>
            <AD_Language>sl_SI</AD_Language>
            <IsActive>Y</IsActive>
            <IsTranslated>N</IsTranslated>
        </AD_Process_Trl>
    </AD_Process>
    <AD_Process type="table">
        <AD_Client_ID>0</AD_Client_ID>
        <AD_Org_ID>0</AD_Org_ID>
        <AD_Org_ID reference="id">0</AD_Org_ID>
        <IsActive>Y</IsActive>
        <Name>Product Synchronization (WooCommerce)</Name>
        <Description>In this process the products are synchronized bidirectionally.</Description>
        <Help>Only products flagged as "ecommerce" and with a valid SKU are selected. The import also includes the import of the sale price and the category that if not present will be created in Woocommerce.

--- it.cnet.idempiere.LIT_ECommerce.process.WoocommerceGet ---</Help>
        <ProcedureName/>
        <IsReport>N</IsReport>
        <Value>Woocommerce</Value>
        <IsDirectPrint>N</IsDirectPrint>
        <AD_ReportView_ID reference="id"/>
        <Classname>it.idIta.woocommerce.process.WooCommerceGet</Classname>
        <AccessLevel>3</AccessLevel>
        <EntityType>cnet</EntityType>
        <Statistic_Count>259</Statistic_Count>
        <Statistic_Seconds>32701</Statistic_Seconds>
        <AD_PrintFormat_ID reference="id"/>
        <WorkflowValue/>
        <AD_Workflow_ID reference="id"/>
        <IsBetaFunctionality>N</IsBetaFunctionality>
        <ShowHelp>Y</ShowHelp>
        <JasperReport/>
        <AD_Form_ID reference="id"/>
        <CopyFromProcess>N</CopyFromProcess>
        <AD_Process_UU>6c05b27c-486b-4c03-a1d2-5cb675c18200</AD_Process_UU>
        <AD_CtxHelp_ID reference="id"/>
        <ExecutionType/>
        <AllowMultipleExecution>P</AllowMultipleExecution>
        <AD_Image_ID reference="id"/>
        <LIT_isBatchPrint>N</LIT_isBatchPrint>
        <ParameterValue/>
        <IsMultiRowOnly>N</IsMultiRowOnly>
        <AD_Process_Trl type="translation">
            <Description>In this process the products are synchronized bidirectionally.</Description>
            <Help>Only products flagged as "ecommerce" and with a valid SKU are selected. The import also includes the import of the sale price and the category that if not present will be created in Woocommerce.</Help>
            <Name>Product Synchronization (WooCommerce)</Name>
            <AD_Language>hr_HR</AD_Language>
            <IsActive>Y</IsActive>
            <IsTranslated>N</IsTranslated>
        </AD_Process_Trl>
        <AD_Process_Trl type="translation">
            <Description>In this process the products are synchronized bidirectionally.</Description>
            <Help>Only products flagged as "ecommerce" and with a valid SKU are selected. The import also includes the import of the sale price and the category that if not present will be created in Woocommerce.</Help>
            <Name>Product Synchronization (WooCommerce)</Name>
            <AD_Language>sl_SI</AD_Language>
            <IsActive>Y</IsActive>
            <IsTranslated>N</IsTranslated>
        </AD_Process_Trl>
        <AD_Process_Trl type="translation">
            <Description>In questo processo vengono sincronizzati in modo bidirezionale i prodotti.</Description>
            <Help>Vengono selezionati solo i prodotti flaggati come "ecommerce" e aventi un SKU valido . L'importazione prevede anche l'importazione del prezzo di vendita e della categoria che se non presente verrà creata in Woocommerce</Help>
            <Name>Sincronizzazione Prodotto (WooCommerce)</Name>
            <AD_Language>it_IT</AD_Language>
            <IsActive>Y</IsActive>
            <IsTranslated>N</IsTranslated>
        </AD_Process_Trl>
        <AD_Process_Trl type="translation">
            <Description>In this process the products are synchronized bidirectionally.</Description>
            <Help>Only products flagged as "ecommerce" and with a valid SKU are selected. The import also includes the import of the sale price and the category that if not present will be created in Woocommerce.</Help>
            <Name>Product Synchronization (WooCommerce)</Name>
            <AD_Language>en_GB</AD_Language>
            <IsActive>Y</IsActive>
            <IsTranslated>N</IsTranslated>
        </AD_Process_Trl>
    </AD_Process>
</idempiere>
